"gdp_2020","geofips"
"20893746000",0
"226896484",1000
"1772023",1001
"8484931",1003
"776199",1005
"478834",1007
"1021170",1009
"284810",1011
"647413",1013
"4574641",1015
"942787",1017
"546385",1019
"1149121",1021
"536431",1023
"866503",1025
"476508",1027
"275488",1029
"1441230",1031
"2655877",1033
"348670",1035
"214381",1037
"1216484",1039
"406090",1041
"2956986",1043
"2810732",1045
"1214484",1047
"2009996",1049
"2021557",1051
"1229689",1053
"3012955",1055
"353657",1057
"1011620",1059
"548776",1061
"214279",1063
"280827",1065
"450468",1067
"5679042",1069
"1519302",1071
"45706740",1073
"353580",1075
"2750580",1077
"628064",1079
"6641371",1081
"4070535",1083
"398354",1085
"567829",1087
"26797345",1089
"789716",1091
"909256",1093
"3705357",1095
"20261510",1097
"655932",1099
"14335741",1101
"5899076",1103
"203002",1105
"445854",1107
"1376723",1109
"465272",1111
"1531316",1113
"2171410",1115
"12303432",1117
"317740",1119
"3115269",1121
"1444357",1123
"10629994",1125
"1839288",1127
"862311",1129
"413804",1131
"875379",1133
"49819958",2000
"225306",2013
"419660",2016
"22762803",2020
"744762",2050
"127653",2060
"1798855",2063
"140908",2066
"233182",2068
"257423",2070
"5950242",2090
"104001",2100
"90157",2105
"2520190",2110
"2672102",2122
"893042",2130
"809311",2150
"170444",2158
"88191",2164
"3060879",2170
"462871",2180
"3561768",2185
"643244",2188
"183562",2195
"258812",2198
"(NA)",2201
"468091",2220
"70271",2230
"(NA)",2232
"661218",2240
"(NA)",2261
"93205",2275
"(NA)",2280
"36447",2282
"311359",2290
"373718984",4000
"2539579",4001
"5224460",4003
"7548517",4005
"1781969",4007
"1197378",4009
"1471514",4011
"788622",4012
"271078798",4013
"6036445",4015
"2994446",4017
"45170394",4019
"9926039",4021
"2037328",4023
"7804778",4025
"8118717",4027
"130750716",5000
"1103386",5001
"719094",5003
"1461722",5005
"16120299",5007
"1343238",5009
"345057",5011
"359320",5013
"902395",5015
"278483",5017
"810158",5019
"352839",5021
"638642",5023
"97500",5025
"845673",5027
"667523",5029
"5057960",5031
"1832548",5033
"1794218",5035
"473453",5037
"233154",5039
"536194",5041
"600407",5043
"3865234",5045
"449694",5047
"195475",5049
"3513952",5051
"462757",5053
"1505390",5055
"979910",5057
"1005232",5059
"579017",5061
"1737958",5063
"271304",5065
"672689",5067
"3106355",5069
"677197",5071
"127511",5073
"481430",5075
"169675",5077
"231921",5079
"483049",5081
"445778",5083
"1424427",5085
"378704",5087
"504791",5089
"1359083",5091
"2533112",5093
"211904",5095
"145482",5097
"227491",5099
"109136",5101
"626111",5103
"144861",5105
"556088",5107
"241064",5109
"612676",5111
"519793",5113
"3000065",5115
"217282",5117
"30018440",5119
"520906",5121
"766955",5123
"2665345",5125
"253332",5127
"185816",5129
"6849356",5131
"441423",5133
"310594",5135
"231608",5137
"2498460",5139
"367296",5141
"12175479",5143
"2296205",5145
"238797",5147
"583842",5149
"3007187685",6000
"139313240",6001
"112415",6003
"1848108",6005
"9461454",6007
"1579783",6009
"1629003",6011
"77484753",6013
"943173",6015
"8294970",6017
"45932182",6019
"1349202",6021
"5877389",6023
"8566860",6025
"1362365",6027
"45185758",6029
"6857784",6031
"2213607",6033
"1257511",6035
"747523558",6037
"6544075",6039
"31516100",6041
"822575",6043
"3786796",6045
"9635342",6047
"440344",6049
"1073767",6051
"27120792",6053
"11239687",6055
"4562074",6057
"259513508",6059
"24529112",6061
"1079902",6063
"93250990",6065
"96667833",6067
"2535609",6069
"97049499",6071
"240411072",6073
"201547346",6075
"32517528",6077
"18010542",6079
"138474105",6081
"29697904",6083
"357975788",6085
"15844973",6087
"8698893",6089
"97334",6091
"1836670",6093
"27618325",6095
"31247324",6097
"24203279",6099
"3840213",6101
"2297948",6103
"443245",6105
"18980160",6107
"2600257",6109
"53218972",6111
"15919993",6113
"3544698",6115
"382584657",8000
"29137249",8001
"765052",8003
"49628815",8005
"547344",8007
"183328",8009
"147235",8011
"29682206",8013
"7624104",8014
"889873",8015
"158887",8017
"536997",8019
"211334",8021
"102964",8023
"123203",8025
"152064",8027
"943244",8029
"80351429",8031
"93149",8033
"19939267",8035
"4196982",8037
"791772",8039
"38471561",8041
"1541983",8043
"3410295",8045
"572696",8047
"1039863",8049
"1079264",8051
"39045",8053
"281954",8055
"103274",8057
"34067334",8059
"88678",8061
"430928",8063
"316084",8065
"2950994",8067
"21593417",8069
"548165",8071
"429769",8073
"1064586",8075
"6776747",8077
"57847",8079
"1083773",8081
"1095127",8083
"1724181",8085
"1566694",8087
"642203",8089
"251691",8091
"496097",8093
"206144",8095
"2256451",8097
"476734",8099
"6493531",8101
"484285",8103
"486850",8105
"2040265",8107
"214519",8109
"59434",8111
"667080",8113
"85248",8115
"2755438",8117
"1030816",8119
"193598",8121
"16710143",8123
"493372",8125
"276422928",9000
"92249059",9001
"83845669",9003
"8566317",9005
"9606510",9007
"53026077",9009
"18177091",9011
"5858975",9013
"5093230",9015
"75786492",10000
"8973785",10001
"52904007",10003
"13908700",10005
"144554763",11000
"144554763",11001
"1106035527",12000
"15025446",12001
"746274",12003
"9090224",12005
"694441",12007
"27692408",12009
"111171413",12011
"275432",12013
"6072767",12015
"4551508",12017
"5816227",12019
"21082482",12021
"2348906",12023
"1043216",12027
"333186",12029
"70802325",12031
"16775506",12033
"3158635",12035
"398851",12037
"1394507",12039
"466051",12041
"381951",12043
"466369",12045
"557159",12047
"1102097",12049
"1363555",12051
"4673865",12053
"2705451",12055
"96832749",12057
"429303",12059
"7020432",12061
"1434852",12063
"306129",12065
"153806",12067
"11148040",12069
"34536218",12071
"15826460",12073
"988471",12075
"215687",12077
"449678",12079
"16600436",12081
"11373344",12083
"8272639",12085
"164519091",12086
"5260914",12087
"2990571",12089
"13046376",12091
"1838657",12093
"97472030",12095
"11679997",12097
"89360985",12099
"14704099",12101
"53058827",12103
"29339334",12105
"2394942",12107
"10667932",12109
"10384875",12111
"5194832",12113
"22885387",12115
"23796158",12117
"4663965",12119
"1204370",12121
"726394",12123
"342062",12125
"19649448",12127
"806371",12129
"3631071",12131
"638343",12133
"622627849",13000
"1742236",13001
"253660",13003
"395691",13005
"68982",13007
"1408986",13009
"386862",13011
"2446906",13013
"5158726",13015
"568345",13017
"398418",13019
"8569320",13021
"255812",13023
"266586",13025
"486342",13027
"1134992",13029
"2648786",13031
"3395322",13033
"748982",13035
"131999",13037
"1943710",13039
"295075",13043
"4866042",13045
"1614500",13047
"228198",13049
"18578674",13051
"1723603",13053
"531709",13055
"8641831",13057
"8008007",13059
"106776",13061
"14278871",13063
"287848",13065
"56186301",13067
"1549248",13069
"1585794",13071
"4486234",13073
"413455",13075
"5236483",13077
"157534",13079
"915192",13081
"422238",13083
"926989",13085
"878941",13087
"42318939",13089
"450471",13091
"392812",13093
"4632629",13095
"4912010",13097
"530054",13099
"48352",13101
"2258635",13103
"681832",13105
"732639",13107
"387037",13109
"792393",13111
"5570258",13113
"4094372",13115
"10844190",13117
"838259",13119
"183095901",13121
"874899",13123
"35960",13125
"4132649",13127
"2345210",13129
"679219",13131
"769799",13133
"51246313",13135
"1538556",13137
"11879587",13139
"178772",13141
"858773",13143
"569659",13145
"846739",13147
"1270669",13149
"7215273",13151
"7442706",13153
"227396",13155
"3537924",13157
"314347",13159
"457164",13161
"569211",13163
"168770",13165
"133024",13167
"491107",13169
"464673",13171
"146692",13173
"1861540",13175
"781580",13177
"3861236",13179
"141118",13181
"189002",13183
"5328103",13185
"947883",13187
"698187",13189
"263702",13191
"366581",13193
"516132",13195
"117062",13197
"626314",13199
"230063",13201
"803332",13205
"1300018",13207
"170950",13209
"935254",13211
"1311847",13213
"11264737",13215
"3210142",13217
"1678575",13219
"273656",13221
"3450917",13223
"956032",13225
"1050745",13227
"462025",13229
"378150",13231
"1224041",13233
"304313",13235
"613768",13237
"39683",13239
"637323",13241
"195286",13243
"12715694",13245
"4124951",13247
"119153",13249
"333104",13251
"308298",13253
"2199208",13255
"958039",13257
"139506",13259
"1100073",13261
"113544",13263
"27445",13265
"592645",13267
"216954",13269
"296935",13271
"230365",13273
"2241683",13275
"2073366",13277
"1039493",13279
"394828",13281
"108932",13283
"3669460",13285
"228435",13287
"274918",13289
"893246",13291
"732640",13293
"1503400",13295
"2865649",13297
"1480875",13299
"170717",13301
"646173",13303
"1098600",13305
"65442",13307
"107436",13309
"925169",13311
"5783239",13313
"151163",13315
"287037",13317
"541022",13319
"373638",13321
"82884589",15000
"8429090",15001
"62123839",15003
"3627285",15007
"8704375",15901
"83821578",16000
"29837199",16001
"135128",16003
"3004193",16005
"191488",16007
"375427",16009
"1540383",16011
"1592768",16013
"193507",16015
"1699808",16017
"6355838",16019
"423405",16021
"1290269",16023
"75111",16025
"7053777",16027
"690647",16029
"1418295",16031
"46390",16033
"370741",16035
"180630",16037
"1287726",16039
"397391",16041
"419333",16043
"449540",16045
"1115369",16047
"494852",16049
"939126",16051
"1203598",16053
"6798702",16055
"1431532",16057
"270538",16059
"164254",16061
"237197",16063
"1390021",16065
"925922",16067
"2216714",16069
"130684",16071
"394398",16073
"852382",16075
"484889",16077
"557382",16079
"388836",16081
"3779161",16083
"523026",16085
"493999",16087
"858366873",17000
"3515923",17001
"164057",17003
"586347",17005
"1863983",17007
"533364",17009
"1298872",17011
"95906",17013
"613071",17015
"676249",17017
"11460999",17019
"1410030",17021
"566139",17023
"588691",17025
"1128952",17027
"2499186",17029
"407423348",17031
"1255118",17033
"798312",17035
"4509734",17037
"1323345",17039
"1131744",17041
"94355351",17043
"813968",17045
"286996",17047
"2183702",17049
"578335",17051
"743550",17053
"1018355",17055
"903917",17057
"181506",17059
"312162",17061
"4575436",17063
"331023",17065
"542341",17067
"81180",17069
"171621",17071
"1599181",17073
"1080038",17075
"2544447",17077
"474057",17079
"1898274",17081
"543817",17083
"830802",17085
"250730",17087
"28034696",17089
"6621871",17091
"4041988",17093
"1844145",17095
"63817537",17097
"6030586",17099
"531504",17101
"1669020",17103
"1947317",17105
"1050294",17107
"1140640",17109
"11917926",17111
"14820693",17113
"6660252",17115
"1226030",17117
"12089866",17119
"1360283",17121
"413832",17123
"422076",17125
"647124",17127
"256072",17129
"408059",17131
"955225",17133
"1017464",17135
"1666656",17137
"865598",17139
"3018459",17141
"13039905",17143
"663862",17145
"547267",17147
"560047",17149
"66243",17151
"178787",17153
"358148",17155
"1456124",17157
"609156",17159
"10500203",17161
"11985340",17163
"836136",17165
"11406220",17167
"247965",17169
"148799",17171
"826067",17173
"226424",17175
"1969731",17177
"5817569",17179
"453777",17181
"3330069",17183
"398652",17185
"811781",17187
"1147534",17189
"448998",17191
"495533",17193
"2205946",17195
"35368152",17197
"2977692",17199
"13822915",17201
"1242458",17203
"375336688",18000
"1873334",18001
"21633788",18003
"6639828",18005
"529958",18007
"339782",18009
"3906214",18011
"298876",18013
"730460",18015
"1477637",18017
"5573049",18019
"810698",18021
"1582650",18023
"194596",18025
"1404791",18027
"2042044",18029
"1752905",18031
"2547049",18033
"4246628",18035
"2873115",18037
"16108000",18039
"590858",18041
"3107760",18043
"486593",18045
"557726",18047
"718744",18049
"3436470",18051
"2476246",18053
"652190",18055
"21154318",18057
"3365538",18059
"1214805",18061
"7658048",18063
"1443503",18065
"4182429",18067
"1491617",18069
"2518264",18071
"1497464",18073
"889011",18075
"1579312",18077
"765254",18079
"6036122",18081
"1912494",18083
"6000393",18085
"1825142",18087
"22263506",18089
"4204186",18091
"1367585",18093
"4031849",18095
"95293199",18097
"1701178",18099
"1193169",18101
"978011",18103
"7363238",18105
"1698206",18107
"1981563",18109
"377020",18111
"1940652",18113
"112427",18115
"641334",18117
"581977",18119
"398044",18121
"720550",18123
"699458",18125
"7310882",18127
"3090564",18129
"666983",18131
"1166837",18133
"814646",18135
"1225246",18137
"606631",18139
"14341800",18141
"752323",18143
"2041344",18145
"938194",18147
"600050",18149
"1500413",18151
"896383",18153
"240547",18155
"10466863",18157
"618664",18159
"152643",18161
"11473104",18163
"930742",18165
"4691905",18167
"1204404",18169
"241150",18171
"2418593",18173
"660007",18175
"2857790",18177
"1110117",18179
"1071304",18181
"1573703",18183
"194267619",19000
"471348",19001
"225198",19003
"650482",19005
"422811",19007
"304112",19009
"990090",19011
"8073066",19013
"1114030",19015
"1139507",19017
"824952",19019
"1283184",19021
"462538",19023
"405414",19025
"1330651",19027
"677970",19029
"627227",19031
"2534411",19033
"685792",19035
"657366",19037
"408458",19039
"1078820",19041
"870172",19043
"2278940",19045
"818641",19047
"5839259",19049
"275771",19051
"209813",19053
"948969",19055
"2151263",19057
"1063875",19059
"6816868",19061
"357658",19063
"786317",19065
"799717",19067
"601670",19069
"331909",19071
"501928",19073
"558165",19075
"470676",19077
"726538",19079
"758672",19081
"804716",19083
"463487",19085
"918910",19087
"472800",19089
"470745",19091
"633693",19093
"1148761",19095
"708859",19097
"1260331",19099
"731983",19101
"9915738",19103
"687625",19105
"341537",19107
"887251",19109
"1844592",19111
"16858362",19113
"738846",19115
"334376",19117
"769078",19119
"450695",19121
"899618",19123
"2253544",19125
"2021871",19127
"584197",19129
"673893",19131
"334503",19133
"440607",19135
"421367",19137
"2608878",19139
"900777",19141
"340693",19143
"638930",19145
"519305",19147
"1427185",19149
"478503",19151
"46873133",19153
"4234787",19155
"1244578",19157
"195713",19159
"549379",19161
"9605748",19163
"700778",19165
"2489752",19167
"5761155",19169
"729252",19171
"259421",19173
"642001",19175
"224960",19177
"1686422",19179
"1340791",19181
"1067115",19183
"252125",19185
"2058953",19187
"441583",19189
"1060337",19191
"5335902",19193
"309318",19195
"683910",19197
"175141786",20000
"607820",20001
"290651",20003
"727287",20005
"186697",20007
"1235615",20009
"633432",20011
"545290",20013
"2566780",20015
"126006",20017
"82164",20019
"810962",20021
"124036",20023
"185287",20025
"300236",20027
"391004",20029
"906602",20031
"55119",20033
"1396223",20035
"1755655",20037
"139364",20039
"683924",20041
"272752",20043
"5172020",20045
"163449",20047
"79753",20049
"1576410",20051
"293920",20053
"2213865",20055
"2431703",20057
"945448",20059
"3111482",20061
"148836",20063
"118217",20065
"371362",20067
"529997",20069
"135758",20071
"155618",20073
"232356",20075
"299144",20077
"1376046",20079
"250766",20081
"119605",20083
"429110",20085
"450670",20087
"123303",20089
"52125360",20091
"217117",20093
"374692",20095
"129071",20097
"871616",20099
"99824",20101
"3017069",20103
"141161",20105
"533206",20107
"164191",20109
"1551079",20111
"2096816",20113
"422742",20115
"547578",20117
"242583",20119
"1035345",20121
"477774",20123
"1743775",20125
"195382",20127
"130292",20129
"490089",20131
"610456",20133
"177022",20135
"248921",20137
"344324",20139
"176231",20141
"131186",20143
"281508",20145
"361174",20147
"1288587",20149
"577840",20151
"137312",20153
"2664365",20155
"201941",20157
"592062",20159
"2848478",20161
"189749",20163
"153151",20165
"262054",20167
"2921046",20169
"264195",20171
"31629471",20173
"1292195",20175
"11026082",20177
"129842",20179
"303742",20181
"175359",20183
"181655",20185
"199568",20187
"305965",20189
"749307",20191
"589461",20193
"156023",20195
"159549",20197
"100361",20199
"242899",20201
"185698",20203
"323746",20205
"78265",20207
"11522492",20209
"212539569",21000
"402337",21001
"474859",21003
"564619",21005
"228556",21007
"1464601",21009
"215822",21011
"755004",21013
"11893906",21015
"845303",21017
"3216911",21019
"1264900",21021
"169234",21023
"211407",21025
"421505",21027
"2632479",21029
"311641",21031
"422074",21033
"1465290",21035
"3467067",21037
"159457",21039
"2098679",21041
"531812",21043
"357162",21045
"6123629",21047
"1532359",21049
"355166",21051
"340941",21053
"198804",21055
"178643",21057
"4754090",21059
"202034",21061
"85698",21063
"228034",21065
"20578487",21067
"340150",21069
"1099571",21071
"3199955",21073
"201055",21075
"336955",21077
"276162",21079
"535711",21081
"1211445",21083
"765702",21085
"186352",21087
"885951",21089
"728006",21091
"5399920",21093
"534400",21095
"543058",21097
"592939",21099
"1963830",21101
"350765",21103
"138282",21105
"1813552",21107
"166400",21109
"56755100",21111
"2056693",21113
"464870",21115
"9179931",21117
"220465",21119
"631785",21121
"250680",21123
"2167592",21125
"374162",21127
"132026",21129
"164116",21131
"346817",21133
"222808",21135
"446622",21137
"316790",21139
"1119136",21141
"240463",21143
"4271166",21145
"278546",21147
"218018",21149
"3007799",21151
"162430",21153
"920511",21155
"1490281",21157
"204899",21159
"1167949",21161
"573248",21163
"96961",21165
"813092",21167
"195633",21169
"306302",21171
"1029195",21173
"263071",21175
"1150676",21177
"1668355",21179
"100383",21181
"797078",21183
"1987172",21185
"190283",21187
"51921",21189
"299814",21191
"944986",21193
"1996653",21195
"241697",21197
"2254567",21199
"29104",21201
"336016",21203
"763186",21205
"663405",21207
"3663800",21209
"1714900",21211
"970054",21213
"312907",21215
"919624",21217
"351416",21219
"294204",21221
"579376",21223
"867928",21225
"6371363",21227
"337045",21229
"460367",21231
"407272",21233
"1087119",21235
"106603",21237
"1108467",21239
"235437385",22000
"1626774",22001
"724708",22003
"8435042",22005
"490134",22007
"932249",22009
"1087506",22011
"473187",22013
"5147955",22015
"12612918",22017
"13922531",22019
"205697",22021
"1131646",22023
"192992",22025
"336774",22027
"593494",22029
"1560052",22031
"33817805",22033
"172320",22035
"507817",22037
"945522",22039
"512941",22041
"381707",22043
"2814591",22045
"2097367",22047
"430150",22049
"23588029",22051
"907671",22053
"13476154",22055
"3939207",22057
"452516",22059
"2044365",22061
"3394050",22063
"374584",22065
"621650",22067
"1420570",22069
"23263549",22071
"7077330",22073
"2530055",22075
"777137",22077
"5887259",22079
"420560",22081
"618717",22083
"616560",22085
"1394748",22087
"7555179",22089
"207735",22091
"2416840",22093
"3112742",22095
"2568413",22097
"1263671",22099
"2271987",22101
"12521156",22103
"4494000",22105
"120778",22107
"4931510",22109
"472873",22111
"1384436",22113
"2105476",22115
"1145730",22117
"1167901",22119
"1987607",22121
"212616",22123
"1073197",22125
"464949",22127
"69271785",23000
"4993212",23001
"2759574",23003
"23607906",23005
"1130287",23007
"2643119",23009
"6166109",23011
"1941591",23013
"1274684",23015
"1811029",23017
"7011881",23019
"603477",23021
"1605276",23023
"1802364",23025
"1510953",23027
"1180832",23029
"9229490",23031
"410674700",24000
"3087647",24001
"51542461",24003
"55550190",24005
"4868759",24009
"1123631",24011
"6670958",24013
"5103281",24015
"6229329",24017
"1347521",24019
"14385160",24021
"1329358",24023
"13989356",24025
"27843075",24027
"969261",24029
"93208630",24031
"47079957",24033
"1900153",24035
"8150825",24037
"820560",24039
"2005858",24041
"7279348",24043
"5163884",24045
"2710767",24047
"48314730",24510
"582476824",25000
"13676996",25001
"7099411",25003
"27293361",25005
"1573284",25007
"47142169",25009
"3145383",25011
"23276946",25013
"7890072",25015
"179490988",25017
"1446659",25019
"54735898",25021
"26699009",25023
"143206946",25025
"45799705",25027
"515119927",26000
"232563",26001
"281676",26003
"4759591",26005
"1123044",26007
"633250",26009
"449476",26011
"297710",26013
"1636562",26015
"3721412",26017
"570915",26019
"7987051",26021
"1503877",26023
"6592076",26025
"1161142",26027
"1157017",26029
"642000",26031
"1193306",26033
"1177569",26035
"2286049",26037
"451376",26039
"1307395",26041
"1407879",26043
"5306178",26045
"1759075",26047
"16121115",26049
"516318",26051
"505039",26053
"5323086",26055
"1438227",26057
"1560894",26059
"1192039",26061
"1469385",26063
"17184688",26065
"1582246",26067
"913592",26069
"354787",26071
"2410684",26073
"6830637",26075
"14197267",26077
"566267",26079
"42994917",26081
"55659",26083
"259466",26085
"2379651",26087
"830175",26089
"3106397",26091
"7346634",26093
"160957",26095
"429810",26097
"39384458",26099
"912079",26101
"2787951",26103
"1034201",26105
"1308042",26107
"724944",26109
"5264143",26111
"419294",26113
"5991777",26115
"1718656",26117
"284149",26119
"6013588",26121
"1402974",26123
"105012131",26125
"688735",26127
"575279",26129
"147568",26131
"795392",26133
"200716",26135
"1055254",26137
"15075867",26139
"357241",26141
"639414",26143
"8498872",26145
"5487786",26147
"2184885",26149
"1205841",26151
"286976",26153
"1741906",26155
"1374704",26157
"3122991",26159
"25818964",26161
"94922357",26163
"1312669",26165
"373739277",27000
"523451",27001
"16001503",27003
"1473287",27005
"1919080",27007
"1913700",27009
"234356",27011
"4178197",27013
"1443415",27015
"1437546",27017
"5723861",27019
"1071743",27021
"625055",27023
"1741291",27025
"2178710",27027
"291956",27029
"259881",27031
"678238",27033
"2993995",27035
"26544359",27037
"772882",27039
"2081866",27041
"550949",27043
"681438",27045
"1313873",27047
"3048213",27049
"282604",27051
"140539509",27053
"580772",27055
"816262",27057
"1195358",27059
"2121727",27061
"675434",27063
"456803",27065
"2399460",27067
"236262",27069
"551334",27071
"294890",27073
"549908",27075
"213157",27077
"1040583",27079
"372162",27081
"1531442",27083
"1847788",27085
"168501",27087
"440684",27089
"1041610",27091
"990359",27093
"872725",27095
"1159563",27097
"1948094",27099
"547581",27101
"1643549",27103
"1293830",27105
"254047",27107
"11910710",27109
"2458683",27111
"1857811",27113
"802580",27115
"670520",27117
"1541703",27119
"584967",27121
"42548551",27123
"146236",27125
"880072",27127
"786870",27129
"2950447",27131
"609350",27133
"1146868",27135
"10327498",27137
"7119026",27139
"3570087",27141
"463960",27143
"9128789",27145
"2436189",27147
"630492",27149
"482684",27151
"905367",27153
"213938",27155
"825322",27157
"559918",27159
"793531",27161
"12441899",27163
"485800",27165
"297778",27167
"2425632",27169
"5451705",27171
"535449",27173
"113845652",28000
"923257",28001
"1283309",28003
"220426",28005
"502283",28007
"321280",28009
"1002471",28011
"323639",28013
"118708",28015
"546153",28017
"731664",28019
"637460",28021
"281318",28023
"532104",28025
"730157",28027
"681814",28029
"542922",28031
"6513546",28033
"3706892",28035
"186733",28037
"521849",28039
"162212",28041
"970668",28043
"1704120",28045
"9017732",28047
"12521246",28049
"296188",28051
"203496",28053
"28298",28055
"603439",28057
"6674132",28059
"481070",28061
"109385",28063
"164943",28065
"2452214",28067
"348847",28069
"2231659",28071
"1810521",28073
"3372178",28075
"337470",28077
"502523",28079
"5104389",28081
"1245536",28083
"1171593",28085
"3068862",28087
"6437951",28089
"904752",28091
"822858",28093
"1006893",28095
"204533",28097
"1000166",28099
"474311",28101
"248954",28103
"1865851",28105
"1147095",28107
"1184633",28109
"310893",28111
"1173575",28113
"1037718",28115
"632851",28117
"107547",28119
"6797939",28121
"1127855",28123
"112868",28125
"601357",28127
"333900",28129
"418671",28131
"677657",28133
"280755",28135
"532937",28137
"707728",28139
"618358",28141
"479139",28143
"1147166",28145
"266751",28147
"2238612",28149
"1530240",28151
"531621",28153
"205554",28155
"156118",28157
"513370",28159
"359789",28161
"755979",28163
"329367168",29000
"874590",29001
"339453",29003
"316464",29005
"967717",29007
"1497487",29009
"373108",29011
"508478",29013
"422769",29015
"213189",29017
"10387440",29019
"5331412",29021
"1569652",29023
"227824",29025
"1943041",29027
"1654959",29029
"4195946",29031
"339850",29033
"135407",29035
"2974208",29037
"317277",29039
"282411",29041
"1926094",29043
"161495",29045
"12928723",29047
"449811",29049
"5788775",29051
"483244",29053
"679790",29055
"199493",29057
"280085",29059
"206893",29061
"365136",29063
"398192",29065
"227259",29067
"741856",29069
"4998222",29071
"503172",29073
"237812",29075
"17655139",29077
"352171",29079
"277736",29081
"766926",29083
"155605",29085
"215153",29087
"248668",29089
"1317154",29091
"423178",29093
"48863867",29095
"5536089",29097
"5694374",29099
"2023864",29101
"137893",29103
"1298729",29105
"909354",29107
"898526",29109
"272517",29111
"1366352",29113
"444159",29115
"595439",29117
"750431",29119
"570009",29121
"310727",29123
"188157",29125
"1278149",29127
"104033",29129
"711622",29131
"377725",29133
"473490",29135
"209082",29137
"410704",29139
"526423",29141
"1019853",29143
"2171378",29145
"806410",29147
"230632",29149
"456644",29151
"140892",29153
"430769",29155
"1153189",29157
"1766610",29159
"1666344",29161
"574252",29163
"6895786",29165
"817858",29167
"2483063",29169
"131015",29171
"670514",29173
"1243239",29175
"511961",29177
"244550",29179
"233214",29181
"18072202",29183
"181952",29185
"712074",29186
"1861532",29187
"81153285",29189
"953769",29195
"90617",29197
"158247",29199
"1704217",29201
"150060",29203
"190544",29205
"1127611",29207
"745968",29209
"526962",29211
"2343348",29213
"549149",29215
"852196",29217
"971482",29219
"445363",29221
"235506",29223
"843863",29225
"52702",29227
"358120",29229
"30626044",29510
"51508842",30000
"411684",30001
"871454",30003
"174726",30005
"182286",30007
"375046",30009
"50904",30011
"3770219",30013
"253164",30015
"491984",30017
"118127",30019
"447896",30021
"285526",30023
"186668",30025
"518819",30027
"4463096",30029
"6683210",30031
"48570",30033
"455495",30035
"30234",30037
"102775",30039
"737099",30041
"274058",30043
"96399",30045
"924596",30047
"3721405",30049
"178270",30051
"628502",30053
"118421",30055
"516587",30057
"63079",30059
"110320",30061
"5905841",30063
"296670",30065
"647024",30067
"14606",30069
"151383",30071
"229127",30073
"117466",30075
"235042",30077
"46109",30079
"1259860",30081
"773325",30083
"422548",30085
"755739",30087
"392162",30089
"198673",30091
"1552669",30093
"705164",30095
"270957",30097
"251853",30099
"339215",30101
"76392",30103
"353855",30105
"87981",30107
"49557",30109
"9085005",30111
"133439011",31000
"1880558",31001
"596589",31003
"19834",31005
"38416",31007
"28843",31009
"436175",31011
"610594",31013
"103868",31015
"197581",31017
"3088277",31019
"302309",31021
"330030",31023
"872802",31025
"447683",31027
"312830",31029
"296931",31031
"528092",31033
"337581",31035
"734484",31037
"710830",31039
"716692",31041
"1660143",31043
"306294",31045
"1502329",31047
"81100",31049
"318920",31051
"2224336",31053
"51399407",31055
"177009",31057
"370301",31059
"105188",31061
"101570",31063
"266761",31065
"1006935",31067
"74711",31069
"91134",31071
"100266",31073
"27764",31075
"110832",31077
"3684424",31079
"662747",31081
"174611",31083
"82032",31085
"149505",31087
"703033",31089
"33801",31091
"231632",31093
"447681",31095
"182703",31097
"338079",31099
"393621",31101
"40343",31103
"191316",31105
"507534",31107
"20409844",31109
"2340098",31111
"35245",31113
"32317",31115
"26025",31117
"2595760",31119
"374735",31121
"441137",31123
"135221",31125
"728791",31127
"237644",31129
"1347298",31131
"123470",31133
"293317",31135
"806531",31137
"347491",31139
"2739898",31141
"238656",31143
"550227",31145
"357205",31147
"94084",31149
"1161602",31151
"9449644",31153
"780493",31155
"1745281",31157
"745294",31159
"316974",31161
"117668",31163
"63542",31165
"326998",31167
"371201",31169
"35563",31171
"439321",31173
"308480",31175
"1338036",31177
"524621",31179
"210440",31181
"73454",31183
"836346",31185
"170943817",32000
"1257034",32001
"119386931",32003
"2712735",32005
"2841816",32007
"39308",32009
"1518667",32011
"1391310",32013
"885628",32015
"175646",32017
"1773819",32019
"241258",32021
"1859341",32023
"368067",32027
"2410567",32029
"29361856",32031
"824062",32033
"3895773",32510
"87621042",33000
"2955955",33001
"2361863",33003
"4008036",33005
"1341110",33007
"7061389",33009
"28848611",33011
"10270651",33013
"22875915",33015
"6156148",33017
"1741366",33019
"618579269",34000
"13114102",34001
"78405114",34003
"29806716",34005
"25526436",34007
"5624958",34009
"6703553",34011
"52192853",34013
"14996380",34015
"49416996",34017
"7746195",34019
"38268966",34021
"62763403",34023
"37396952",34025
"55692351",34027
"22896366",34029
"22189730",34031
"5922188",34033
"41825445",34035
"5195984",34037
"38763251",34039
"4131328",34041
"98472135",35000
"38812930",35001
"94772",35003
"2075110",35005
"674933",35006
"441458",35007
"3129796",35009
"80245",35011
"7632409",35013
"5987234",35015
"1016463",35017
"147351",35019
"44320",35021
"209936",35023
"5269608",35025
"690126",35027
"2464053",35028
"888431",35029
"2599399",35031
"109243",35033
"2869330",35035
"315134",35037
"1080962",35039
"672245",35041
"4106525",35043
"5327081",35045
"713915",35047
"6873908",35049
"324970",35051
"507688",35053
"1004710",35055
"430099",35057
"171773",35059
"1705980",35061
"1724759077",36000
"33614595",36001
"1553524",36003
"44891904",36005
"9322759",36007
"2937493",36009
"2995330",36011
"4884780",36013
"3869163",36015
"2402064",36017
"3681242",36019
"2432862",36021
"1871509",36023
"2150273",36025
"14984524",36027
"59666613",36029
"1674394",36031
"1986698",36033
"1975122",36035
"2558802",36037
"2295314",36039
"234468",36041
"1952861",36043
"6538675",36045
"104729135",36047
"1084003",36049
"2270452",36051
"2430925",36053
"48824327",36055
"1916471",36057
"100351977",36059
"754688942",36061
"10210703",36063
"11481021",36065
"32179691",36067
"6586977",36069
"20454041",36071
"1484152",36073
"7240637",36075
"2745264",36077
"4039947",36079
"99925495",36081
"9188141",36083
"17554415",36085
"17592975",36087
"4981369",36089
"12441722",36091
"9414930",36093
"1091691",36095
"522904",36097
"1573154",36099
"4469680",36101
"102327436",36103
"3249095",36105
"1923340",36107
"6412558",36109
"7742382",36111
"4734504",36113
"2057274",36115
"4169316",36117
"87262105",36119
"1897114",36121
"1033844",36123
"589829047",37000
"6573093",37001
"849822",37003
"339494",37005
"791020",37007
"851864",37009
"672861",37011
"2100509",37013
"677813",37015
"1422726",37017
"5061083",37019
"15178220",37021
"2702253",37023
"8246728",37025
"2534537",37027
"181159",37029
"2671549",37031
"377130",37033
"9063559",37035
"1769504",37037
"915408",37039
"638073",37041
"276933",37043
"4412317",37045
"1572708",37047
"5163063",37049
"18304145",37051
"804051",37053
"2415597",37055
"5021586",37057
"1502793",37059
"1943274",37061
"38739919",37063
"1624287",37065
"25496662",37067
"1836362",37069
"7662328",37071
"219578",37073
"257115",37075
"3452280",37077
"466347",37079
"34563646",37081
"1509275",37083
"2752038",37085
"2022208",37087
"4196191",37089
"842675",37091
"1248717",37093
"171272",37095
"9892163",37097
"1720838",37099
"7737753",37101
"180680",37103
"2809839",37105
"2984053",37107
"3153198",37109
"1684263",37111
"1603395",37113
"450434",37115
"673713",37117
"122682811",37119
"583238",37121
"1050427",37123
"3765903",37125
"5006931",37127
"14297659",37129
"582903",37131
"8094177",37133
"9454869",37135
"315685",37137
"1627336",37139
"1654151",37141
"321539",37143
"1625280",37145
"9674795",37147
"521126",37149
"4334102",37151
"1927869",37153
"4153068",37155
"3135496",37157
"5608513",37159
"1911320",37161
"1846106",37163
"1203653",37165
"1876831",37167
"1075092",37169
"2559174",37171
"754836",37173
"1968431",37175
"120727",37177
"8275832",37179
"1285810",37181
"85750353",37183
"323999",37185
"275895",37187
"2278100",37189
"5090029",37191
"2379322",37193
"4069341",37195
"916397",37197
"463817",37199
"54854212",38000
"111488",38001
"648696",38003
"260748",38005
"189151",38007
"404161",38009
"216103",38011
"196033",38013
"5749637",38015
"13550976",38017
"363407",38019
"308671",38021
"163446",38023
"932850",38025
"119460",38027
"189819",38029
"266083",38031
"70974",38033
"4271769",38035
"102773",38037
"149236",38039
"108802",38041
"133334",38043
"256591",38045
"103699",38047
"248447",38049
"153167",38051
"2960762",38053
"845902",38055
"1060583",38057
"1470901",38059
"1407074",38061
"157229",38063
"289197",38065
"500147",38067
"237217",38069
"637977",38071
"259856",38073
"157150",38075
"831325",38077
"411059",38079
"836465",38081
"35671",38083
"144901",38085
"34917",38087
"2342719",38089
"169963",38091
"1298626",38093
"191545",38095
"493193",38097
"660232",38099
"3854026",38101
"274626",38103
"4021428",38105
"677561181",39000
"810577",39001
"8116399",39003
"1873379",39005
"3193674",39007
"2167596",39009
"2292703",39011
"2963140",39013
"916206",39015
"22178011",39017
"1184354",39019
"1285780",39021
"4665667",39023
"9245623",39025
"2331797",39027
"3099970",39029
"1285698",39031
"1419692",39033
"98829220",39035
"2156889",39037
"1696191",39039
"12921333",39041
"4133623",39043
"4907994",39045
"2342482",39047
"101208324",39049
"2096215",39051
"2179402",39053
"4483337",39055
"10545522",39057
"2022129",39059
"78807379",39061
"5472960",39063
"951652",39065
"954669",39067
"1615798",39069
"1448502",39071
"667318",39073
"2544095",39075
"2414608",39077
"1063304",39079
"3434576",39081
"2181066",39083
"11768313",39085
"1934016",39087
"7351293",39089
"2013401",39091
"11031862",39093
"24725563",39095
"2053404",39097
"9507958",39099
"2819468",39101
"7513106",39103
"421941",39105
"2259533",39107
"4601089",39109
"1067427",39111
"30010635",39113
"344585",39115
"723168",39117
"3798430",39119
"438043",39121
"2137241",39123
"650022",39125
"790343",39127
"1992000",39129
"1203775",39131
"6447870",39133
"1271261",39135
"1357587",39137
"4721110",39139
"2963063",39141
"3031991",39143
"2697138",39145
"2111114",39147
"3386145",39149
"16834874",39151
"30611962",39153
"7088093",39155
"3925584",39157
"4644767",39159
"1312689",39161
"292820",39163
"12723840",39165
"3652189",39167
"6591665",39169
"1829799",39171
"7716395",39173
"1083750",39175
"188056616",40000
"449605",40001
"188447",40003
"331159",40005
"338103",40007
"879130",40009
"394156",40011
"1864693",40013
"829127",40015
"4016765",40017
"2462220",40019
"1426185",40021
"367730",40023
"187680",40025
"8795986",40027
"130193",40029
"5154701",40031
"153922",40033
"464418",40035
"2039011",40037
"1344131",40039
"912853",40041
"305865",40043
"217839",40045
"2586642",40047
"1141933",40049
"1490977",40051
"311003",40053
"111235",40055
"87901",40057
"194572",40059
"305140",40061
"497999",40063
"1140856",40065
"127282",40067
"380301",40069
"1819882",40071
"1021761",40073
"277413",40075
"247783",40077
"1336861",40079
"826426",40081
"807656",40083
"505681",40085
"1117107",40087
"1088001",40089
"392548",40091
"274116",40093
"477048",40095
"1916720",40097
"549589",40099
"2991898",40101
"640594",40103
"199435",40105
"228493",40107
"57343433",40109
"916088",40111
"839891",40113
"1033172",40115
"371156",40117
"3384531",40119
"1670553",40121
"2033191",40123
"2153017",40125
"246276",40127
"150818",40129
"3307792",40131
"739014",40133
"830132",40135
"1427797",40137
"1588401",40139
"185567",40141
"44732092",40143
"1487383",40145
"3529709",40147
"250704",40149
"484897",40151
"1002225",40153
"243776840",41000
"634409",41001
"4751657",41003
"22079394",41005
"1895538",41007
"1431111",41009
"2490435",41011
"928259",41013
"726910",41015
"10843112",41017
"3983252",41019
"301350",41021
"271585",41023
"291401",41025
"1279456",41027
"9592783",41029
"822861",41031
"3048409",41033
"2511138",41035
"328352",41037
"16578944",41039
"1868217",41041
"5022852",41043
"1333187",41045
"17027526",41047
"1383775",41049
"67044653",41051
"2218491",41053
"579056",41055
"1240211",41057
"3530362",41059
"1060474",41061
"339638",41063
"1855949",41065
"50498526",41067
"32927",41069
"3950640",41071
"771897908",42000
"3968843",42001
"101240267",42003
"2144098",42005
"7286725",42007
"1572433",42009
"20417217",42011
"6130328",42013
"3318712",42015
"35615322",42017
"11028270",42019
"4952002",42021
"246540",42023
"2566381",42025
"9089210",42027
"45663782",42029
"1298525",42031
"2935647",42033
"1685055",42035
"2543096",42037
"3120892",42039
"16387520",42041
"22872301",42043
"34123911",42045
"1510088",42047
"11784140",42049
"4585680",42051
"259096",42053
"6283987",42055
"677869",42057
"2784182",42059
"1366285",42061
"3814350",42063
"1587843",42065
"842057",42067
"10190980",42069
"29934068",42071
"3273953",42073
"6232525",42075
"23982623",42077
"15595396",42079
"5764038",42081
"2152832",42083
"4371464",42085
"1840452",42087
"7771702",42089
"81098458",42091
"2018141",42093
"16061515",42095
"3218575",42097
"1002832",42099
"108294638",42101
"1474424",42103
"971391",42105
"5111185",42107
"1668623",42109
"2593616",42111
"301536",42113
"1914878",42115
"1598304",42117
"1998534",42119
"1960481",42121
"1697902",42123
"12219927",42125
"1935039",42127
"14864751",42129
"1615501",42131
"21464969",42133
"60556340",44000
"1950201",44001
"9424866",44003
"6423087",44005
"35818939",44007
"6939246",44009
"244881712",45000
"635308",45001
"7468511",45003
"295837",45005
"7550046",45007
"368601",45009
"508562",45011
"8624943",45013
"8564793",45015
"653287",45017
"32842228",45019
"1845395",45021
"1203578",45023
"1553600",45025
"658866",45027
"1001370",45029
"2758230",45031
"809493",45033
"4185204",45035
"621115",45037
"1075625",45039
"7297629",45041
"2668702",45043
"33546006",45045
"3144895",45047
"508849",45049
"14014244",45051
"1300310",45053
"1963391",45055
"4147821",45057
"2309569",45059
"369329",45061
"13834044",45063
"240039",45065
"645290",45067
"755868",45069
"1534857",45071
"3901002",45073
"2890232",45075
"4180294",45077
"26350525",45079
"481542",45081
"16458704",45083
"4393354",45085
"778522",45087
"787519",45089
"13154587",45091
"54789381",46000
"104200",46003
"931434",46005
"92169",46007
"219342",46009
"2184223",46011
"2429280",46013
"231365",46015
"89737",46017
"315507",46019
"107919",46021
"455143",46023
"260156",46025
"587722",46027
"1569772",46029
"85515",46031
"239902",46033
"1190170",46035
"305040",46037
"258750",46039
"222879",46041
"180142",46043
"233296",46045
"232722",46047
"129614",46049
"515512",46051
"160629",46053
"115419",46055
"271002",46057
"184046",46059
"143668",46061
"56606",46063
"1218404",46065
"358046",46067
"90090",46069
"66592",46071
"155198",46073
"46159",46075
"282696",46077
"602034",46079
"1160814",46081
"3360156",46083
"143462",46085
"237868",46087
"118596",46089
"281851",46091
"917491",46093
"31312",46095
"103907",46097
"19352295",46099
"328079",46101
"356159",46102
"5941828",46103
"139387",46105
"176686",46107
"385344",46109
"116989",46111
"403091",46115
"110235",46117
"120650",46119
"234053",46121
"228096",46123
"407668",46125
"1576155",46127
"254643",46129
"1334998",46135
"45469",46137
"369574250",47000
"5218192",47001
"2062513",47003
"377573",47005
"215606",47007
"5875298",47009
"4618111",47011
"1034314",47013
"276050",47015
"609812",47017
"1096528",47019
"1223010",47021
"357603",47023
"813174",47025
"171292",47027
"800136",47029
"3051318",47031
"577277",47033
"1779479",47035
"70383120",47037
"318026",47039
"671315",47041
"2082047",47043
"1751493",47045
"1122784",47047
"489281",47049
"1211368",47051
"1490984",47053
"1137895",47055
"474749",47057
"2421428",47059
"242527",47061
"3111290",47063
"26605829",47065
"88609",47067
"613762",47069
"985805",47071
"1585084",47073
"647640",47075
"731435",47077
"1214072",47079
"499650",47081
"155165",47083
"725229",47085
"223171",47087
"1749032",47089
"437662",47091
"27945193",47093
"131600",47095
"741426",47097
"1107366",47099
"294304",47101
"1057314",47103
"2218409",47105
"2179864",47107
"555721",47109
"544007",47111
"6091350",47113
"804933",47115
"1247830",47117
"4282628",47119
"265431",47121
"1432215",47123
"5909258",47125
"519564",47127
"315610",47129
"1235692",47131
"585374",47133
"189584",47135
"144533",47137
"292488",47139
"3628037",47141
"1710554",47143
"2691336",47145
"2594856",47147
"17649750",47149
"499351",47151
"305289",47153
"4355974",47155
"64725681",47157
"697927",47159
"764238",47161
"7750859",47163
"7001677",47165
"1283359",47167
"199479",47169
"538522",47171
"346749",47173
"98903",47175
"1483328",47177
"6307010",47179
"359343",47181
"1301379",47183
"737294",47185
"23414371",47187
"5709549",47189
"1775587834",48000
"2088748",48001
"1669918",48003
"3309059",48005
"690786",48007
"285161",48009
"69168",48011
"2221855",48013
"1545896",48015
"387993",48017
"449220",48019
"2657701",48021
"178443",48023
"757034",48025
"17847237",48027
"109325834",48029
"471813",48031
"275422",48033
"656112",48035
"3795753",48037
"16490554",48039
"10544002",48041
"427525",48043
"100954",48045
"260163",48047
"1519840",48049
"827188",48051
"1834245",48053
"980201",48055
"3482273",48057
"332818",48059
"11942967",48061
"369345",48063
"1001675",48065
"886997",48067
"547667",48069
"2518072",48071
"1473282",48073
"260353",48075
"243240",48077
"165781",48079
"89544",48081
"232707",48083
"72626441",48085
"81484",48087
"858922",48089
"7117512",48091
"496619",48093
"124320",48095
"2327844",48097
"1760847",48099
"57959",48101
"372373",48103
"408126",48105
"223770",48107
"721963",48109
"655182",48111
"269827997",48113
"587628",48115
"1259085",48117
"107080",48119
"39019939",48121
"1818376",48123
"99889",48125
"1413857",48127
"141045",48129
"299713",48131
"727138",48133
"10194042",48135
"76650",48137
"6982670",48139
"33924279",48141
"1700273",48143
"443962",48145
"1049135",48147
"1531340",48149
"197887",48151
"310660",48153
"100359",48155
"30669706",48157
"386206",48159
"947888",48161
"878054",48163
"1371974",48165
"16406153",48167
"186187",48169
"1204790",48171
"1296285",48173
"291467",48175
"1614889",48177
"957411",48179
"5354786",48181
"7242876",48183
"1067473",48185
"8544131",48187
"1305806",48189
"88103",48191
"309023",48193
"390464",48195
"192434",48197
"1331247",48199
"383707297",48201
"3978168",48203
"580662",48205
"321709",48207
"8670584",48209
"344089",48211
"2032443",48213
"22908324",48215
"1053079",48217
"1155082",48219
"2266147",48221
"1651119",48223
"984057",48225
"3526592",48227
"190135",48229
"4456226",48231
"4136265",48233
"510626",48235
"405718",48237
"646711",48239
"984526",48241
"93552",48243
"19466917",48245
"187043",48247
"1300974",48249
"6274396",48251
"459621",48253
"2733185",48255
"4208240",48257
"2257997",48259
"174826",48261
"91879",48263
"2293983",48265
"156804",48267
"48409",48269
"122700",48271
"1141317",48273
"146328",48275
"2814189",48277
"705621",48279
"567908",48281
"1931130",48283
"958424",48285
"858488",48287
"639036",48289
"2253301",48291
"1362869",48293
"392787",48295
"832190",48297
"844844",48299
"2122013",48301
"14479049",48303
"305482",48305
"338151",48307
"13420403",48309
"638790",48311
"493683",48313
"283389",48315
"3128525",48317
"139476",48319
"2353866",48321
"1700508",48323
"1169531",48325
"50261",48327
"18695383",48329
"577036",48331
"231602",48333
"271780",48335
"595697",48337
"31581715",48339
"2152792",48341
"546608",48343
"38614",48345
"2459995",48347
"1708340",48349
"487406",48351
"984807",48353
"19428894",48355
"662742",48357
"302626",48359
"3666550",48361
"1054897",48363
"1500740",48365
"4689985",48367
"891544",48369
"1525541",48371
"1339481",48373
"8870363",48375
"267855",48377
"247140",48379
"4175695",48381
"1488352",48383
"81340",48385
"340050",48387
"4084509",48389
"265463",48391
"236759",48393
"2230803",48395
"4122163",48397
"325308",48399
"2377647",48401
"259843",48403
"482355",48405
"414255",48407
"2891597",48409
"186255",48411
"143464",48413
"1117909",48415
"205828",48417
"1003730",48419
"321876",48421
"11666322",48423
"1337743",48425
"1352822",48427
"380433",48429
"227228",48431
"77227",48433
"213816",48435
"354922",48437
"119859620",48439
"7339938",48441
"66233",48443
"468223",48445
"47690",48447
"1947358",48449
"6129606",48451
"130079148",48453
"289589",48455
"418235",48457
"842068",48459
"2036841",48461
"927430",48463
"1819613",48465
"1301197",48467
"4169019",48469
"2401868",48471
"2991933",48473
"1636635",48475
"1795129",48477
"10219514",48479
"1921439",48481
"331687",48483
"5904153",48485
"768734",48487
"494779",48489
"26048125",48491
"1030360",48493
"969719",48495
"2739574",48497
"1380575",48499
"1005768",48501
"800260",48503
"484274",48505
"425747",48507
"197561929",49000
"410284",49001
"2516202",49003
"6200712",49005
"1207888",49007
"139704",49009
"16152917",49011
"872870",49013
"969278",49015
"262702",49017
"641742",49019
"1999343",49021
"535967",49023
"386618",49025
"912604",49027
"350384",49029
"56745",49031
"142742",49033
"101820915",49035
"440101",49037
"895458",49039
"1197000",49041
"3480477",49043
"2092093",49045
"1509994",49047
"31336802",49049
"1110229",49051
"7295477",49053
"117533",49055
"12507148",49057
"33434960",50000
"1702566",50001
"1708510",50003
"1173195",50005
"11632949",50007
"165083",50009
"2217385",50011
"208492",50013
"1138466",50015
"851642",50017
"1117732",50019
"2606310",50021
"3887361",50023
"2327802",50025
"2697467",50027
"549535812",51000
"1917795",51001
"278038",51007
"841163",51009
"341575",51011
"36797534",51013
"233333",51017
"2089634",51019
"234074",51021
"1322883",51023
"902011",51025
"1033950",51027
"589688",51029
"839826",51033
"247135",51036
"266527",51037
"16752501",51041
"482175",51043
"106699",51045
"1955162",51047
"146937",51049
"582826",51051
"394332",51057
"2959123",51061
"386908",51063
"912163",51065
"1665078",51067
"568943",51071
"963938",51073
"3096268",51075
"300273",51077
"483504",51079
"1229859",51083
"6150823",51085
"30096816",51087
"72059",51091
"1479312",51093
"159075",51097
"2111239",51099
"552083",51101
"472279",51103
"425875",51105
"28374205",51107
"2322627",51109
"266716",51111
"376781",51113
"225916",51115
"1059142",51117
"389748",51119
"569769",51125
"655818",51127
"548016",51131
"473534",51133
"543248",51135
"1232810",51137
"638034",51139
"436444",51141
"867688",51145
"768312",51147
"1347223",51155
"308121",51157
"317412",51159
"675788",51167
"431631",51169
"1864537",51171
"1046355",51173
"6140730",51179
"1204918",51181
"385509",51183
"1195393",51185
"1883293",51187
"518350",51193
"1370555",51197
"14875305",51510
"10894619",51550
"6909675",51650
"12817698",51700
"19322454",51710
"6377755",51740
"24186247",51760
"7280590",51770
"4236832",51800
"22915387",51810
"12218229",51901
"904368",51903
"5409818",51907
"7389931",51911
"1001529",51913
"2961980",51918
"125605421",51919
"7147268",51921
"1456701",51923
"2340068",51929
"5322801",51931
"5550701",51933
"3641588",51939
"4129875",51941
"22596195",51942
"6221040",51944
"1346453",51945
"8355784",51947
"841967",51949
"6549455",51951
"3527322",51953
"1496641",51955
"2824079",51958
"604253829",53000
"964130",53001
"723078",53003
"12400240",53005
"4786796",53007
"2740882",53009
"23070074",53011
"356203",53013
"5316825",53015
"1922295",53017
"222571",53019
"4029228",53021
"165262",53023
"6298479",53025
"2567349",53027
"3529631",53029
"1167957",53031
"331842527",53033
"13449782",53035
"1921113",53037
"1655373",53039
"3436151",53041
"488388",53043
"1725722",53045
"1647269",53047
"754245",53049
"538955",53051
"46096401",53053
"817422",53055
"6752967",53057
"305864",53059
"49001035",53061
"27317643",53063
"1193969",53065
"14635606",53067
"99965",53069
"3433648",53071
"13267688",53073
"2645331",53075
"10965764",53077
"75854987",54000
"403759",54001
"4144007",54003
"612627",54005
"322788",54007
"903417",54009
"4968263",54011
"114988",54013
"131751",54015
"679641",54017
"1043930",54019
"172845",54021
"491676",54023
"1160386",54025
"458052",54027
"1032782",54029
"599153",54031
"4294031",54033
"898293",54035
"1797844",54037
"10759694",54039
"560882",54041
"251221",54043
"1249997",54045
"542288",54047
"2253931",54049
"2373625",54051
"807613",54053
"1739719",54055
"817799",54057
"537220",54059
"6936609",54061
"209801",54063
"341575",54065
"644115",54067
"3653138",54069
"149768",54071
"472315",54073
"278949",54075
"801443",54077
"2924789",54079
"3089408",54081
"926748",54083
"514206",54085
"294124",54087
"219770",54089
"541382",54091
"334581",54093
"515410",54095
"730651",54097
"1029546",54099
"154788",54101
"845773",54103
"67134",54105
"3500110",54107
"554634",54109
"337714046",55000
"639792",55001
"757697",55003
"2221241",55005
"473819",55007
"18625373",55009
"549542",55011
"567659",55013
"1676496",55015
"3035976",55017
"1380002",55019
"2950082",55021
"768900",55023
"45469384",55025
"3890720",55027
"1394164",55029
"1887336",55031
"1966337",55033
"6546497",55035
"146123",55037
"5317086",55039
"315750",55041
"2332879",55043
"1859752",55045
"678908",55047
"1196295",55049
"185362",55051
"866869",55053
"3642332",55055
"968001",55057
"7495197",55059
"780069",55061
"7793393",55063
"627585",55065
"779214",55067
"1314636",55069
"4069141",55071
"8947727",55073
"2016702",55075
"462032",55077
"167262",55078
"58612670",55079
"2349836",55081
"1078751",55083
"1768547",55085
"13177861",55087
"5517178",55089
"304707",55091
"1235855",55093
"1667993",55095
"4247886",55097
"630893",55099
"8440613",55101
"736816",55103
"7840914",55105
"576863",55107
"4255815",55109
"3802599",55111
"725375",55113
"1370584",55115
"7231951",55117
"916712",55119
"1388493",55121
"1087803",55123
"978540",55125
"4658791",55127
"648605",55129
"6964027",55131
"31306858",55133
"2006939",55135
"675385",55137
"10585424",55139
"4159431",55141
"36323458",56000
"1586269",56001
"530064",56003
"4877973",56005
"1243288",56007
"1226587",56009
"317677",56011
"1536804",56013
"474358",56015
"242817",56017
"376479",56019
"5822265",56021
"876805",56023
"5576522",56025
"119281",56027
"1456901",56029
"548557",56031
"1514289",56033
"734788",56035
"3206581",56037
"2598409",56039
"808534",56041
"369275",56043
"278936",56045
"1109783880",91000
"3746252208",92000
"2764098716",93000
"1315598455",94000
"4477808991",95000
"2435835568",96000
"751800465",97000
"4158866718",98000
